k,accuracy,precision,time
1.0,0.93,0.9304337060837575,14.15400505065918
2.0,0.93,0.9304337060837575,11.846100091934204
3.0,0.932,0.9327913090828506,13.887491226196289
4.0,0.93,0.9316454720821217,12.628970861434937
5.0,0.933,0.9347957865330251,13.07859492301941
6.0,0.933,0.9353305992629505,13.60963749885559
7.0,0.931,0.9336934726289481,16.839025259017944
8.0,0.934,0.9375968750172404,13.183411836624146
9.0,0.938,0.941265787480947,15.334537267684937
